City_ID,City,Country,Date,Lat,Lng,Max Temp,Humidity,Cloudiness,Wind Speed
0,Cayenne,GF,2021-07-14 19:31:27,4.9333,-52.3333,83.08,80,40,3.0
1,Saint-Philippe,RE,2021-07-14 19:31:27,-21.3585,55.7679,71.19,81,80,14.97
2,Hithadhoo,MV,2021-07-14 19:31:27,-0.6,73.0833,82.36,74,100,8.55
3,Mata,PT,2021-07-14 19:31:28,40.683,-7.4592,73.02,32,100,6.13
4,Bossangoa,CF,2021-07-14 19:31:28,6.4926,17.4552,70.7,96,100,3.6
5,Salalah,OM,2021-07-14 19:31:29,17.0151,54.0924,82.49,83,75,6.91
6,Butaritari,KI,2021-07-14 19:31:29,3.0707,172.7902,84.04,74,4,13.24
7,Tarbagatay,RU,2021-07-14 19:31:29,51.4803,107.3602,62.13,91,91,7.43
8,Urumqi,CN,2021-07-14 19:31:30,43.801,87.6005,67.15,60,0,6.71
9,Te Anau,NZ,2021-07-14 19:31:30,-45.4167,167.7167,44.87,94,100,0.96
10,Millinocket,US,2021-07-14 19:31:30,45.6573,-68.7098,69.4,96,90,5.75
11,Vaini,TO,2021-07-14 19:31:31,-21.2,-175.2,73.56,88,75,10.36
12,Mataura,NZ,2021-07-14 19:31:31,-46.1927,168.8643,43.48,89,93,2.24
13,Sioux Lookout,CA,2021-07-14 19:31:31,50.1001,-91.917,77.4,27,53,4.81
14,Lebu,CL,2021-07-14 19:31:32,-37.6167,-73.65,53.55,67,14,6.11
15,Rikitea,PF,2021-07-14 19:31:32,-23.1203,-134.9692,73.17,71,0,8.48
16,Santa Marta,CO,2021-07-14 19:29:16,11.2408,-74.199,94.33,65,8,15.37
17,Crib Point,AU,2021-07-14 19:31:32,-38.35,145.2,54.25,93,85,21.74
18,Gardelegen,DE,2021-07-14 19:31:33,52.5252,11.3952,69.89,92,2,3.04
19,Spreitenbach,CH,2021-07-14 19:31:33,47.4202,8.363,61.2,92,75,1.99
20,Baykit,RU,2021-07-14 19:31:34,61.67,96.37,55.47,84,2,4.23
21,Port Alfred,ZA,2021-07-14 19:31:34,-33.5906,26.891,55.53,39,0,6.91
22,Wilmington,US,2021-07-14 19:28:29,34.2257,-77.9447,90.99,74,43,5.01
23,Manaquiri,BR,2021-07-14 19:31:34,-3.3167,-60.35,86.45,59,48,3.47
24,Hermanus,ZA,2021-07-14 19:31:35,-34.4187,19.2345,49.89,79,90,8.43
25,Pangai,TO,2021-07-14 19:31:35,-19.8,-174.35,77.11,83,75,4.61
26,Cape Town,ZA,2021-07-14 19:27:28,-33.9258,18.4232,50.41,72,0,6.91
27,Bredasdorp,ZA,2021-07-14 19:31:36,-34.5322,20.0403,43.29,80,92,5.99
28,Ancud,CL,2021-07-14 19:31:36,-41.8697,-73.8203,49.53,81,48,7.0
29,Baculin,PH,2021-07-14 19:31:36,7.4525,126.5842,77.77,87,57,4.61
30,Flinders,AU,2021-07-14 19:31:37,-34.5833,150.8552,60.39,81,5,1.01
31,Uniontown,US,2021-07-14 19:31:37,39.9001,-79.7164,85.95,43,59,5.53
32,Hilo,US,2021-07-14 19:31:37,19.7297,-155.09,82.27,68,75,3.44
33,Vikulovo,RU,2021-07-14 19:31:38,56.8167,70.6107,45.68,89,100,16.49
34,Omboue,GA,2021-07-14 19:31:38,-1.5746,9.2618,71.74,83,28,7.4
35,Kangaatsiaq,GL,2021-07-14 19:31:39,68.3065,-53.4641,40.15,95,98,13.85
36,Cabo San Lucas,MX,2021-07-14 19:29:09,22.8909,-109.9124,96.51,54,1,0.0
37,Puerto Quijarro,BO,2021-07-14 19:31:39,-17.7833,-57.7667,95.76,20,0,6.26
38,Kindu,CD,2021-07-14 19:31:39,-2.95,25.95,73.96,38,47,1.9
39,Iraucuba,BR,2021-07-14 19:31:40,-3.7461,-39.7833,91.54,34,11,7.36
40,Juneau,US,2021-07-14 19:30:08,58.3019,-134.4197,57.25,95,90,9.22
41,Bima,ID,2021-07-14 19:31:40,-8.4667,118.7167,71.53,88,35,5.17
42,Pine Bluff,US,2021-07-14 19:31:41,34.2284,-92.0032,91.47,46,1,8.99
43,Karratha,AU,2021-07-14 19:31:41,-20.7377,116.8463,65.91,57,31,13.89
44,Paragominas,BR,2021-07-14 19:28:10,-2.9667,-47.4833,87.1,50,92,3.36
45,Saint-Joseph,RE,2021-07-14 19:31:42,-21.3667,55.6167,70.18,80,60,14.18
46,Atuona,PF,2021-07-14 19:31:42,-9.8,-139.0333,78.22,63,21,23.02
47,Port-Gentil,GA,2021-07-14 19:31:42,-0.7193,8.7815,76.96,78,75,10.36
48,Chapais,CA,2021-07-14 19:31:43,49.7834,-74.8492,71.65,72,66,14.52
49,Svetlogorsk,BY,2021-07-14 19:31:43,52.6333,29.7333,73.47,71,11,7.09
50,Pevek,RU,2021-07-14 19:31:43,69.7008,170.3133,38.86,90,100,4.81
51,Hobart,AU,2021-07-14 19:30:03,-42.8794,147.3294,48.11,95,75,1.99
52,Olot,ES,2021-07-14 19:31:44,42.181,2.4901,71.1,91,32,2.55
53,Iqaluit,CA,2021-07-14 19:28:36,63.7506,-68.5145,49.69,81,72,4.0
54,New Norfolk,AU,2021-07-14 19:31:44,-42.7826,147.0587,47.75,89,100,1.63
55,Bluff,NZ,2021-07-14 19:31:45,-46.6,168.3333,43.81,65,93,12.37
56,Avarua,CK,2021-07-14 19:31:45,-21.2078,-159.775,78.85,78,75,8.05
57,Estelle,US,2021-07-14 19:31:46,29.8458,-90.1067,92.05,65,75,11.5
58,Isangel,VU,2021-07-14 19:31:46,-19.55,169.2667,71.11,82,91,13.87
59,Lompoc,US,2021-07-14 19:29:09,34.6391,-120.4579,83.7,71,1,9.22
60,Samastipur,IN,2021-07-14 19:31:47,25.85,85.7833,84.51,74,56,8.39
61,Ushuaia,AR,2021-07-14 19:31:47,-54.8,-68.3,31.66,86,20,3.44
62,Upernavik,GL,2021-07-14 19:31:47,72.7868,-56.1549,39.31,96,100,13.42
63,Atar,MR,2021-07-14 19:31:48,20.5169,-13.0499,100.49,18,0,9.13
64,Pueblo,US,2021-07-14 19:30:13,38.2545,-104.6091,90.36,34,1,1.01
65,Astaneh-Ye Ashrafiyeh,IR,2021-07-14 19:31:48,37.2596,49.9444,76.69,69,97,5.08
66,Kipen,RU,2021-07-14 19:31:49,59.6765,29.8531,77.65,91,100,5.03
67,Khatanga,RU,2021-07-14 19:31:49,71.9667,102.5,45.63,62,100,15.7
68,Ewa Beach,US,2021-07-14 19:31:49,21.3156,-158.0072,80.55,69,75,10.0
69,Cidreira,BR,2021-07-14 19:31:50,-30.1811,-50.2056,62.85,77,100,5.61
70,Bambous Virieux,MU,2021-07-14 19:31:50,-20.3428,57.7575,71.85,68,40,11.5
71,Messina,IT,2021-07-14 19:27:46,38.1933,15.5497,79.0,68,75,1.01
72,Nanortalik,GL,2021-07-14 19:31:51,60.1432,-45.2371,49.89,73,35,9.13
73,Kapaa,US,2021-07-14 19:31:51,22.0752,-159.319,82.38,80,75,1.99
74,Kruisfontein,ZA,2021-07-14 19:31:51,-34.0033,24.7314,46.24,62,6,5.03
75,Sinop,TR,2021-07-14 19:31:52,41.7711,34.8709,64.0,79,0,4.9
76,Chokurdakh,RU,2021-07-14 19:31:52,70.6333,147.9167,41.52,92,100,17.9
77,Bay Roberts,CA,2021-07-14 19:31:53,47.5999,-53.2648,77.5,47,1,11.5
78,North Bend,US,2021-07-14 19:31:53,43.4065,-124.2243,73.24,72,1,23.02
79,Bengkulu,ID,2021-07-14 19:31:53,-3.8004,102.2655,75.27,70,100,3.27
80,Peniche,PT,2021-07-14 19:31:54,39.3558,-9.3811,80.08,73,31,16.73
81,Macia,MZ,2021-07-14 19:31:54,-25.0269,33.0989,63.48,66,100,8.1
82,Bira,RU,2021-07-14 19:31:54,49.0,132.4667,71.58,98,100,1.68
83,Barrow,US,2021-07-14 19:31:55,71.2906,-156.7887,33.82,80,75,8.05
84,Nanakuli,US,2021-07-14 19:31:55,21.3906,-158.1547,80.55,78,75,3.44
85,San Patricio,US,2021-07-14 19:31:55,28.017,-97.5169,90.28,53,96,11.88
86,Vardo,NO,2021-07-14 19:31:56,70.3705,31.1107,55.6,93,75,5.75
87,Cherskiy,RU,2021-07-14 19:31:56,68.75,161.3,54.25,66,45,12.12
88,Hasaki,JP,2021-07-14 19:31:56,35.7333,140.8333,72.28,92,94,7.18
89,Thompson,CA,2021-07-14 19:31:44,55.7435,-97.8558,84.0,21,20,4.36
90,Makakilo City,US,2021-07-14 19:31:57,21.3469,-158.0858,79.12,70,75,3.44
91,Qasigiannguit,GL,2021-07-14 19:31:57,68.8193,-51.1922,41.25,98,100,9.6
92,Pafos,CY,2021-07-14 19:30:17,34.7667,32.4167,78.71,89,0,5.75
93,Saldanha,ZA,2021-07-14 19:31:58,-33.0117,17.9442,51.69,60,8,3.8
94,Ketchikan,US,2021-07-14 19:31:58,55.3422,-131.6461,59.47,67,90,8.05
95,Ayan,RU,2021-07-14 19:31:59,56.45,138.1667,61.68,71,100,10.11
96,Ulladulla,AU,2021-07-14 19:31:59,-35.35,150.4667,59.77,78,10,8.16
97,Humaita,BR,2021-07-14 19:31:59,-7.5061,-63.0208,96.62,28,52,2.89
98,Christchurch,NZ,2021-07-14 19:30:11,-43.5333,172.6333,53.8,54,100,10.36
99,Lagoa,PT,2021-07-14 19:32:00,39.05,-27.9833,68.74,83,100,14.58
100,Busselton,AU,2021-07-14 19:32:00,-33.65,115.3333,48.09,52,89,27.42
101,Nikolskoye,RU,2021-07-14 19:32:01,59.7035,30.7861,78.69,91,100,2.8
102,Mormugao,IN,2021-07-14 19:32:01,15.4,73.8,74.46,100,90,12.66
103,Punta Arenas,CL,2021-07-14 19:27:22,-53.15,-70.9167,39.31,93,90,12.66
104,Niquelandia,BR,2021-07-14 19:32:02,-14.4739,-48.4597,85.98,21,0,3.44
105,Pudozh,RU,2021-07-14 19:32:03,61.8099,36.5345,67.62,64,69,1.72
106,Tiassale,CI,2021-07-14 19:32:03,5.8983,-4.8283,72.01,93,92,3.94
107,Camacha,PT,2021-07-14 19:32:04,33.0833,-16.3333,68.76,68,75,12.66
108,Olafsvik,IS,2021-07-14 19:32:04,64.8945,-23.7142,49.84,89,41,16.04
109,Rio Grande,BR,2021-07-14 19:32:05,-32.035,-52.0986,62.71,94,100,9.24
110,Port Lincoln,AU,2021-07-14 19:32:05,-34.7333,135.8667,56.26,80,1,18.39
111,Georgetown,MY,2021-07-14 19:27:13,5.4112,100.3354,80.89,71,20,0.0
112,Dayong,CN,2021-07-14 19:32:06,25.0209,118.2898,82.08,96,10,2.57
113,Port Macquarie,AU,2021-07-14 19:32:06,-31.4333,152.9167,48.16,80,91,8.39
114,Arti,RU,2021-07-14 19:32:06,56.4234,58.5328,50.23,76,80,1.54
115,Muridke,PK,2021-07-14 19:32:07,31.8025,74.2617,82.42,55,7,4.5
116,Ponta Do Sol,PT,2021-07-14 19:32:07,32.6667,-17.1,74.71,80,1,4.47
117,Marabba,SD,2021-07-14 19:32:07,12.35,32.1833,79.72,70,90,9.75
118,Albany,US,2021-07-14 19:32:08,42.6001,-73.9662,87.28,77,39,1.99
119,Rio Gallegos,AR,2021-07-14 19:32:08,-51.6226,-69.2181,42.85,87,90,5.75
120,Chuy,UY,2021-07-14 19:32:09,-33.6971,-53.4616,53.4,98,100,8.99
121,Salamiyah,SY,2021-07-14 19:32:09,35.0113,37.0532,75.88,68,0,11.3
122,Dzhebariki-Khaya,RU,2021-07-14 19:32:09,62.2167,135.8,61.12,73,53,4.34
123,Ribeira Grande,PT,2021-07-14 19:32:10,38.5167,-28.7,73.8,83,40,10.36
124,Zykovo,RU,2021-07-14 19:32:10,55.9519,93.1461,61.54,89,62,3.11
125,Beringovskiy,RU,2021-07-14 19:32:10,63.05,179.3167,55.63,73,8,6.89
126,Carnarvon,AU,2021-07-14 19:32:11,-24.8667,113.6333,57.27,61,79,9.22
127,Mount Gambier,AU,2021-07-14 19:31:32,-37.8333,140.7667,51.71,100,90,8.05
128,Ilulissat,GL,2021-07-14 19:32:11,69.2167,-51.1,41.02,93,90,11.5
129,Karasburg,NA,2021-07-14 19:32:12,-28.0167,18.75,42.37,26,0,11.7
130,Brattleboro,US,2021-07-14 19:32:12,42.8509,-72.5579,88.27,81,25,4.0
131,Hambantota,LK,2021-07-14 19:32:12,6.1241,81.1185,79.23,79,100,11.23
132,Ustynivka,UA,2021-07-14 19:32:13,47.9551,32.5367,70.18,54,0,6.15
133,Nganjuk,ID,2021-07-14 19:32:13,-7.6051,111.9035,73.06,84,97,9.26
134,Vadso,NO,2021-07-14 19:32:14,70.0744,29.7487,56.28,71,75,1.14
135,Xique-Xique,BR,2021-07-14 19:32:14,-10.8218,-42.7263,81.91,49,2,11.61
136,Arraial Do Cabo,BR,2021-07-14 19:27:20,-22.9661,-42.0278,80.56,73,0,12.66
137,Torbay,CA,2021-07-14 19:32:14,47.6666,-52.7314,76.75,41,5,6.44
138,Romanovka,RU,2021-07-14 19:32:15,51.7443,42.7527,69.78,85,44,4.54
139,Diamantino,BR,2021-07-14 19:32:15,-14.4086,-56.4461,93.85,16,0,6.38
140,Marsa Matruh,EG,2021-07-14 19:32:15,31.3525,27.2453,80.8,78,0,5.75
141,Valreas,FR,2021-07-14 19:32:16,44.3837,4.9908,67.32,79,100,10.25
142,Kahului,US,2021-07-14 19:32:16,20.8947,-156.47,83.97,73,20,18.41
143,Svetlaya,RU,2021-07-14 19:32:17,46.5389,138.3297,66.42,94,100,8.14
144,Haines Junction,CA,2021-07-14 19:32:17,60.7522,-137.5108,46.08,92,100,3.49
145,Sisimiut,GL,2021-07-14 19:32:17,66.9395,-53.6735,43.79,92,98,5.99
146,Geraldton,AU,2021-07-14 19:31:27,-28.7667,114.6,57.61,82,90,16.11
147,Kollegal,IN,2021-07-14 19:32:18,12.15,77.1167,71.1,84,100,11.12
148,Seoul,KR,2021-07-14 19:30:09,37.5683,126.9778,78.4,88,0,3.44
149,Tuktoyaktuk,CA,2021-07-14 19:32:18,69.4541,-133.0374,37.83,75,100,20.36
150,Puerto Ayora,EC,2021-07-14 19:32:19,-0.7393,-90.3518,80.56,76,61,12.5
151,Constantine,DZ,2021-07-14 19:29:00,36.365,6.6147,72.81,53,20,11.5
152,Provideniya,RU,2021-07-14 19:32:19,64.3833,-173.3,44.71,87,90,8.95
153,Adrar,MR,2021-07-14 19:32:20,20.5022,-10.0711,102.65,12,68,9.64
154,East London,ZA,2021-07-14 19:32:20,-33.0153,27.9116,55.78,60,0,7.94
155,Esperance,AU,2021-07-14 19:32:20,-33.8667,121.9,51.64,66,70,34.47
156,Airai,TL,2021-07-14 19:32:21,-8.9266,125.4092,56.55,83,100,3.06
157,Xichang,CN,2021-07-14 19:32:21,27.8964,102.2634,67.3,93,100,2.37
158,Kapit,MY,2021-07-14 19:32:21,2.0167,112.9333,71.8,100,100,2.3
159,Roxana,CR,2021-07-14 19:32:22,10.2753,-83.7513,90.12,90,100,3.89
160,Kathu,TH,2021-07-14 19:32:22,7.9178,98.3332,79.7,99,100,6.4
161,Salekhard,RU,2021-07-14 19:32:22,66.53,66.6019,49.77,64,99,7.99
162,Coruripe,BR,2021-07-14 19:27:23,-10.1256,-36.1756,78.04,78,4,10.33
163,Sitka,US,2021-07-14 19:32:23,57.0531,-135.33,55.29,82,90,0.0
164,Kavieng,PG,2021-07-14 19:32:23,-2.5744,150.7967,81.81,77,73,9.4
165,Dikson,RU,2021-07-14 19:32:23,73.5069,80.5464,36.46,88,100,12.62
166,Souillac,MU,2021-07-14 19:32:24,-20.5167,57.5167,71.98,68,40,11.5
167,Lagos,NG,2021-07-14 19:32:24,6.5833,3.75,80.92,82,13,6.35
168,Lorengau,PG,2021-07-14 19:32:24,-2.0226,147.2712,81.03,82,83,9.57
169,Yellowknife,CA,2021-07-14 19:32:08,62.456,-114.3525,77.29,68,100,5.99
170,Paramonga,PE,2021-07-14 19:32:25,-10.6667,-77.8333,67.69,74,29,12.93
171,Longyearbyen,SJ,2021-07-14 19:32:25,78.2186,15.6401,42.64,87,75,12.66
172,College,US,2021-07-14 19:29:51,64.8569,-147.8028,64.2,81,90,3.44
173,Toronto,CA,2021-07-14 19:32:00,43.7001,-79.4163,87.49,65,32,1.99
174,Sosnovo-Ozerskoye,RU,2021-07-14 19:32:26,52.5249,111.5418,56.64,98,100,8.57
175,Nyurba,RU,2021-07-14 19:32:26,63.2842,118.3319,57.24,78,100,11.83
176,Dzerzhinsk,RU,2021-07-14 19:32:27,56.2389,43.4631,69.62,78,40,8.95
177,Bethel,US,2021-07-14 19:32:27,41.3712,-73.414,88.36,72,40,6.91
178,Dusetos,LT,2021-07-14 19:32:27,55.75,25.85,66.29,97,5,5.19
179,Saskylakh,RU,2021-07-14 19:32:28,71.9167,114.0833,43.32,68,100,17.67
180,Cadereyta,MX,2021-07-14 19:32:28,25.5833,-99.9833,90.59,34,100,14.83
181,Port Hedland,AU,2021-07-14 19:32:28,-20.3167,118.5667,64.45,63,10,11.5
182,Rockland,US,2021-07-14 19:32:29,41.1668,-74.0496,90.84,67,82,1.01
183,Velingara,SN,2021-07-14 19:32:29,13.15,-14.1167,83.19,73,78,9.19
184,Grindavik,IS,2021-07-14 19:32:30,63.8424,-22.4338,52.56,93,75,25.32
185,Ixtapa,MX,2021-07-14 19:32:30,20.7,-105.2,89.22,58,40,5.75
186,Alanya,TR,2021-07-14 19:30:28,36.5438,31.9998,82.53,55,0,3.0
187,Andros Town,BS,2021-07-14 19:32:30,24.7,-77.7667,85.96,68,7,15.59
188,Balgazyn,RU,2021-07-14 19:32:31,51.0,95.2,58.6,63,82,2.71
189,Zhanaozen,KZ,2021-07-14 19:32:31,43.3,52.8,80.62,26,97,12.19
190,Pisco,PE,2021-07-14 19:32:32,-13.7,-76.2167,68.05,73,0,12.66
191,Oswego,US,2021-07-14 19:29:53,43.4501,-76.1497,81.95,72,10,7.0
192,Mar Del Plata,AR,2021-07-14 19:32:32,-38.0023,-57.5575,54.23,67,0,5.01
193,Almeirim,BR,2021-07-14 19:32:33,-1.5233,-52.5817,78.42,82,100,2.84
194,Rumford,US,2021-07-14 19:27:33,44.5537,-70.5509,74.32,98,100,2.71
195,Kingsport,US,2021-07-14 19:32:33,36.5484,-82.5618,86.56,57,75,1.01
196,Kavaratti,IN,2021-07-14 19:32:34,10.5669,72.642,82.94,83,96,18.88
197,Flin Flon,CA,2021-07-14 19:32:34,54.7682,-101.865,80.31,26,99,6.46
198,Suleja,NG,2021-07-14 19:32:34,9.1758,7.1808,74.21,87,98,1.66
199,Hede,CN,2021-07-14 19:32:35,33.7681,120.2517,76.93,96,61,9.89
200,Cantanhede,BR,2021-07-14 19:32:35,-3.6333,-44.3767,89.76,43,19,2.15
201,Riverton,US,2021-07-14 19:32:36,40.5219,-111.9391,96.51,30,1,8.01
202,Autun,FR,2021-07-14 19:32:36,46.95,4.3,61.5,100,100,3.62
203,Yatou,CN,2021-07-14 19:32:37,37.15,122.3833,74.86,97,90,14.29
204,Elk City,US,2021-07-14 19:29:30,35.412,-99.4043,89.58,48,1,19.57
205,Castro,BR,2021-07-14 19:32:37,-24.7911,-50.0119,64.89,59,16,4.94
206,Kodiak,US,2021-07-14 19:32:37,57.79,-152.4072,58.51,67,90,0.0
207,Mahebourg,MU,2021-07-14 19:32:38,-20.4081,57.7,71.89,68,40,11.5
208,Puerto Escondido,MX,2021-07-14 19:32:38,15.85,-97.0667,88.63,58,75,4.61
209,Buta,CD,2021-07-14 19:32:38,2.7858,24.73,72.64,85,96,2.15
210,Aksarka,RU,2021-07-14 19:32:39,66.5606,67.7975,48.56,64,100,8.39
211,Jamestown,US,2021-07-14 19:30:21,42.097,-79.2353,79.18,69,28,4.0
212,Kaitangata,NZ,2021-07-14 19:32:39,-46.2817,169.8464,44.92,63,86,6.44
213,Araceli,PH,2021-07-14 19:32:40,10.5529,119.9913,82.27,76,100,2.71
214,Kolondieba,ML,2021-07-14 19:32:40,11.0882,-6.8926,83.52,57,100,7.09
215,Ahipara,NZ,2021-07-14 19:32:40,-35.1667,173.1667,47.14,77,10,2.48
216,Hami,CN,2021-07-14 19:32:41,42.8,93.45,77.81,43,100,11.21
217,Maniwaki,CA,2021-07-14 19:32:41,46.3834,-75.966,84.15,38,7,9.86
218,Roald,NO,2021-07-14 19:32:41,62.5833,6.1333,71.17,88,75,9.22
219,Bubaque,GW,2021-07-14 19:32:42,11.2833,-15.8333,80.44,82,100,12.82
220,Faanui,PF,2021-07-14 19:32:42,-16.4833,-151.75,79.9,69,36,20.02
221,Varhaug,NO,2021-07-14 19:32:43,58.6147,5.6457,62.47,91,10,14.43
222,Itapecerica Da Serra,BR,2021-07-14 19:32:43,-23.7169,-46.8492,75.34,64,58,5.06
223,Gornopravdinsk,RU,2021-07-14 19:32:43,60.05,69.9,45.3,95,100,13.38
224,Tambura,SS,2021-07-14 19:32:44,5.6,27.4667,68.81,91,99,3.76
225,Aquiraz,BR,2021-07-14 19:32:44,-3.9014,-38.3911,87.22,57,81,9.95
226,Cadillac,US,2021-07-14 19:30:56,44.2519,-85.4012,83.43,51,1,12.66
227,Nouadhibou,MR,2021-07-14 19:32:45,20.931,-17.0347,71.58,83,1,21.85
228,Ambositra,MG,2021-07-14 19:32:45,-20.5167,47.25,53.58,87,99,2.33
229,Qaanaaq,GL,2021-07-14 19:32:45,77.484,-69.3632,38.79,94,100,2.1
230,San Cristobal,VE,2021-07-14 19:32:46,7.7669,-72.225,80.78,44,25,7.47
231,Port Hardy,CA,2021-07-14 19:32:46,50.6996,-127.4199,60.69,77,35,7.65
232,Axim,GH,2021-07-14 19:32:46,4.8699,-2.2405,77.13,82,100,10.56
233,Nador,MA,2021-07-14 19:32:47,35.174,-2.9287,75.27,78,20,8.05
234,Zemio,CF,2021-07-14 19:32:47,5.0314,25.1361,69.39,98,87,4.54
235,Eyrarbakki,IS,2021-07-14 19:32:47,63.863,-21.1481,52.21,86,80,25.26
236,Yantal,RU,2021-07-14 19:32:48,56.8471,105.2542,62.65,78,100,4.0
237,Soyo,AO,2021-07-14 19:32:48,-6.1349,12.3689,71.91,89,25,10.36
238,Caravelas,BR,2021-07-14 19:32:49,-17.7125,-39.2481,73.92,77,0,5.39
239,Uruzgan,AF,2021-07-14 19:32:49,32.8333,66.0,77.97,14,0,3.94
240,Tuatapere,NZ,2021-07-14 19:32:49,-46.1333,167.6833,43.83,78,58,4.92
241,Dilla,ET,2021-07-14 19:32:50,6.41,38.31,59.32,94,99,3.09
242,Padang,ID,2021-07-14 19:32:50,-0.9492,100.3543,75.34,71,94,4.36
243,Rio Branco,BR,2021-07-14 19:32:50,-9.9747,-67.81,92.01,46,40,5.75
244,Peleduy,RU,2021-07-14 19:32:51,59.6289,112.7406,65.82,58,100,7.34
245,Norman Wells,CA,2021-07-14 19:32:51,65.282,-126.8329,60.69,64,93,12.8
246,Bara,NG,2021-07-14 19:32:52,10.3744,10.7288,79.27,69,91,6.71
247,De-Kastri,RU,2021-07-14 19:32:52,51.4667,140.7833,62.33,99,100,1.99
248,Baghdad,IQ,2021-07-14 19:31:43,33.3406,44.4009,93.11,22,0,4.61
249,Comodoro Rivadavia,AR,2021-07-14 19:32:53,-45.8667,-67.5,55.26,38,40,25.32
250,Tura,IN,2021-07-14 19:32:53,25.5198,90.2201,73.6,96,99,3.74
251,Kisangani,CD,2021-07-14 19:32:53,0.5167,25.2,78.03,60,98,2.01
252,Coquimbo,CL,2021-07-14 19:29:38,-29.9533,-71.3436,58.73,62,0,10.36
253,Phangnga,TH,2021-07-14 19:32:54,8.4509,98.5298,79.92,95,100,2.53
254,Cam Ranh,VN,2021-07-14 19:32:54,11.9214,109.1591,76.96,94,0,1.14
255,Cockburn Town,TC,2021-07-14 19:30:09,21.4612,-71.1419,81.21,74,7,15.08
256,Mnogovershinnyy,RU,2021-07-14 19:32:55,53.9353,139.9242,60.13,68,100,2.66
257,Marshfield,US,2021-07-14 19:31:00,44.6689,-90.1718,78.39,96,100,9.37
258,Constitucion,CL,2021-07-14 19:32:56,-35.3333,-72.4167,54.43,61,0,13.76
259,Nieuw Nickerie,SR,2021-07-14 19:32:56,5.95,-56.9833,81.12,81,74,9.48
260,Meihekou,CN,2021-07-14 19:32:56,42.5272,125.6753,73.04,78,87,6.46
261,Antofagasta,CL,2021-07-14 19:29:12,-23.65,-70.4,60.08,72,83,12.15
262,Verkhoyansk,RU,2021-07-14 19:32:57,67.5447,133.385,48.79,65,95,8.99
263,Nadym,RU,2021-07-14 19:32:57,65.5333,72.5167,48.36,63,99,7.16
264,Mrakovo,RU,2021-07-14 19:32:58,52.7161,56.6244,53.42,71,2,3.85
265,Mahajanga,MG,2021-07-14 19:32:58,-15.7167,46.3167,73.42,60,20,6.91
266,Tasiilaq,GL,2021-07-14 19:32:58,65.6145,-37.6368,42.96,94,100,3.15
267,Laguna,US,2021-07-14 19:32:59,38.421,-121.4238,99.43,42,1,10.36
268,Cervo,ES,2021-07-14 19:32:59,43.6702,-7.4101,64.96,86,81,5.88
269,Guasdualito,VE,2021-07-14 19:32:59,7.2424,-70.7324,84.02,71,31,5.28
270,Clyde River,CA,2021-07-14 19:33:00,70.4692,-68.5914,47.07,64,10,8.43
271,Maragogi,BR,2021-07-14 19:28:17,-9.0122,-35.2225,77.43,82,16,12.01
272,Ternate,ID,2021-07-14 19:33:00,0.8,127.4,79.5,81,100,4.7
273,Tabou,CI,2021-07-14 19:33:00,4.423,-7.3528,76.37,74,100,7.72
274,Lavrentiya,RU,2021-07-14 19:33:01,65.5833,-171.0,48.29,85,64,4.81
275,Krasnoselkup,RU,2021-07-14 19:33:01,65.7,82.4667,43.48,70,90,11.12
276,Batagay-Alyta,RU,2021-07-14 19:33:02,67.8006,130.4114,44.92,69,28,1.59
277,Pandan,PH,2021-07-14 19:33:02,14.0453,124.1694,79.07,84,100,3.51
278,Port Elizabeth,ZA,2021-07-14 19:33:02,-33.918,25.5701,44.89,87,40,4.61
279,Soto La Marina,MX,2021-07-14 19:33:03,23.7667,-98.2167,89.71,50,100,10.0
280,Pekan,MY,2021-07-14 19:33:03,3.4836,103.3996,75.31,89,100,6.51
281,Necochea,AR,2021-07-14 19:33:04,-38.5473,-58.7368,56.03,55,100,6.04
282,Basoko,CD,2021-07-14 19:33:04,1.2391,23.616,75.25,77,100,3.6
283,Chateaubelair,VC,2021-07-14 19:33:05,13.2833,-61.25,81.21,78,75,10.36
284,Richards Bay,ZA,2021-07-14 19:33:05,-28.783,32.0377,55.63,78,1,1.92
285,Lata,PT,2021-07-14 19:33:05,40.1629,-8.3327,70.21,62,83,2.46
286,Matara,LK,2021-07-14 19:33:06,5.9485,80.5353,77.32,91,100,8.46
287,Partenit,UA,2021-07-14 19:33:06,44.578,34.3446,78.21,55,0,8.88
288,Maple Creek,CA,2021-07-14 19:33:06,49.9168,-109.4848,85.42,27,2,11.56
289,Allapalli,IN,2021-07-14 19:33:07,19.4167,80.0667,75.36,95,36,3.89
290,Lipin Bor,RU,2021-07-14 19:33:07,60.2622,37.9763,70.59,63,69,3.24
291,Sao Paulo De Olivenca,BR,2021-07-14 19:33:07,-3.3783,-68.8725,81.09,86,65,2.01
292,Byron Bay,AU,2021-07-14 19:32:50,-28.65,153.6167,64.35,79,100,15.35
293,Nizhniy Tsasuchey,RU,2021-07-14 19:33:08,50.5167,115.1333,61.3,96,46,6.22
294,Klaksvik,FO,2021-07-14 19:33:08,62.2266,-6.589,50.92,93,100,25.55
295,Sept-Iles,CA,2021-07-14 19:33:09,50.2001,-66.3821,61.25,92,100,5.01
296,Sabha,LY,2021-07-14 19:33:09,27.0377,14.4283,91.31,16,0,10.98
297,Port Lavaca,US,2021-07-14 19:33:09,28.615,-96.6261,90.09,75,40,9.22
298,Mandera,KE,2021-07-14 19:33:10,3.9366,41.867,79.75,45,42,10.4
299,Luderitz,NA,2021-07-14 19:33:10,-26.6481,15.1594,59.99,35,0,8.9
300,Marawi,PH,2021-07-14 19:33:10,7.9986,124.2928,69.66,94,89,1.83
301,Yumen,CN,2021-07-14 19:33:11,40.2833,97.2,73.8,46,100,5.41
302,Gravdal,NO,2021-07-14 19:33:11,68.1214,13.5031,58.68,94,0,5.75
303,Campo Grande,BR,2021-07-14 19:29:14,-20.4428,-54.6464,87.35,25,0,10.36
304,Gariaband,IN,2021-07-14 19:33:12,20.635,82.0614,76.35,90,88,4.74
305,Touros,BR,2021-07-14 19:33:12,-5.1989,-35.4608,81.5,72,100,16.49
306,Umm Lajj,SA,2021-07-14 19:31:46,25.0213,37.2685,87.39,46,89,6.69
307,Saint George,US,2021-07-14 19:28:40,37.1041,-113.5841,97.27,36,1,1.01
308,Nantucket,US,2021-07-14 19:33:13,41.2835,-70.0995,82.62,95,90,8.05
309,Tsagan Aman,RU,2021-07-14 19:33:14,47.5639,46.7218,77.45,47,25,9.01
310,Guerrero Negro,MX,2021-07-14 19:33:14,27.9769,-114.0611,80.94,51,99,14.0
311,Tiksi,RU,2021-07-14 19:33:15,71.6872,128.8694,44.1,57,82,18.25
312,Aklavik,CA,2021-07-14 19:33:15,68.2191,-135.0107,42.46,67,96,20.78
313,Dwarka,IN,2021-07-14 19:33:15,22.2394,68.9678,83.95,84,100,10.29
314,Petropavlovsk-Kamchatskiy,RU,2021-07-14 19:33:16,53.0452,158.6483,61.39,88,75,8.95
315,Mbini,GQ,2021-07-14 19:33:16,1.574,9.6134,76.89,79,98,9.48
316,Butajira,ET,2021-07-14 19:33:17,8.1167,38.3667,57.88,92,94,3.13
317,Talcahuano,CL,2021-07-14 19:33:18,-36.7167,-73.1167,55.08,58,0,4.61
318,Kalmunai,LK,2021-07-14 19:33:18,7.4167,81.8167,83.01,75,100,8.39
319,Douglas,US,2021-07-14 19:32:06,41.3,-96.167,89.28,62,40,5.01
320,Shingu,JP,2021-07-14 19:33:19,33.7333,135.9833,75.9,92,89,3.11
321,Erzin,TR,2021-07-14 19:33:20,36.9559,36.2,81.32,88,2,3.09
322,Broken Hill,AU,2021-07-14 19:32:08,-31.95,141.4333,55.11,62,32,9.22
323,Kyzyl-Suu,KG,2021-07-14 19:33:20,42.3414,78.0056,59.13,53,81,5.99
324,Plouzane,FR,2021-07-14 19:33:21,48.3833,-4.6167,64.49,77,0,6.91
325,Pak Phanang,TH,2021-07-14 19:33:21,8.3511,100.202,78.26,83,100,7.67
326,Altay,CN,2021-07-14 19:33:22,47.8667,88.1167,60.19,63,0,4.81
327,Rongcheng,CN,2021-07-14 19:33:22,30.634,117.8517,80.71,80,3,3.53
328,Roma,US,2021-07-14 19:32:03,43.2128,-75.4557,81.86,75,75,9.22
329,Eureka,US,2021-07-14 19:33:22,40.8021,-124.1637,65.12,80,57,7.0
330,Burgeo,CA,2021-07-14 19:30:07,47.6167,-57.6152,61.47,73,78,9.82
331,Ust-Kuyga,RU,2021-07-14 19:33:24,70.0167,135.6,46.31,63,13,16.8
332,Torbat-E Jam,IR,2021-07-14 19:33:24,35.244,60.6225,80.17,25,9,16.75
333,Opuwo,NA,2021-07-14 19:33:24,-18.0607,13.84,60.57,34,0,9.42
334,Novyy Urengoy,RU,2021-07-14 19:33:25,66.0833,76.6333,47.97,62,58,7.43
335,Mao,ES,2021-07-14 19:33:25,39.8885,4.2658,73.96,60,20,8.05
336,Shimoda,JP,2021-07-14 19:33:26,34.6667,138.95,73.11,85,89,4.32
337,Amapa,BR,2021-07-14 19:33:26,1.0,-52.0,74.86,96,84,2.77
338,San Jose,US,2021-07-14 19:30:44,37.3394,-121.895,86.49,47,20,4.61
339,Taua,BR,2021-07-14 19:33:27,-5.9667,-40.3,90.07,24,8,9.84
340,Fortuna,US,2021-07-14 19:33:28,40.5982,-124.1573,84.42,92,90,12.66
341,Champerico,GT,2021-07-14 19:33:28,14.3,-91.9167,91.94,69,92,6.04
342,South Yuba City,US,2021-07-14 19:33:29,39.1166,-121.6391,102.58,42,1,6.91
343,Cotonou,BJ,2021-07-14 19:29:42,6.3654,2.4183,80.58,83,40,14.97
344,Hamilton,US,2021-07-14 19:29:34,39.1834,-84.5333,87.73,60,40,1.99
345,Ames,US,2021-07-14 19:28:41,42.0347,-93.6199,87.06,79,20,6.91
346,Tilichiki,RU,2021-07-14 19:33:32,60.4667,166.1,56.48,83,100,1.32
347,Tigil,RU,2021-07-14 19:33:32,57.8,158.6667,54.09,89,99,25.12
348,Trincomalee,LK,2021-07-14 19:30:45,8.5711,81.2335,80.28,77,100,13.65
349,Pocone,BR,2021-07-14 19:33:33,-16.2567,-56.6228,96.57,16,0,5.64
350,Hornostayivka,UA,2021-07-14 19:33:33,47.0078,33.729,79.29,52,0,11.25
351,Talnakh,RU,2021-07-14 19:33:34,69.4865,88.3972,45.09,69,98,1.74
352,Deputatskiy,RU,2021-07-14 19:33:34,69.3,139.9,38.21,80,99,18.19
353,Ahuimanu,US,2021-07-14 19:33:34,21.4447,-157.8378,80.31,76,90,8.05
354,Gazanjyk,TM,2021-07-14 19:33:35,39.2446,55.5154,86.56,23,38,5.93
355,The Pas,CA,2021-07-14 19:33:35,53.8251,-101.2541,79.59,31,100,1.01
356,Trairi,BR,2021-07-14 19:31:06,-3.2778,-39.2689,80.62,74,10,12.93
357,Egvekinot,RU,2021-07-14 19:33:36,66.3167,-179.1667,49.46,77,54,6.53
358,Northam,GB,2021-07-14 19:33:36,51.0333,-4.2167,67.12,90,47,8.77
359,Emden,DE,2021-07-14 19:33:37,53.3667,7.2167,70.97,96,100,11.77
360,Miles City,US,2021-07-14 19:33:37,46.4083,-105.8406,79.77,36,1,3.44
361,Kidal,ML,2021-07-14 19:33:38,18.4411,1.4078,92.61,28,82,2.62
362,Bandarbeyla,SO,2021-07-14 19:33:38,9.4942,50.8122,78.39,79,59,28.41
363,Lujiang,CN,2021-07-14 19:33:38,31.2581,117.2817,84.25,81,100,6.13
364,Half Moon Bay,US,2021-07-14 19:30:07,37.4636,-122.4286,84.06,67,20,1.99
365,Omsukchan,RU,2021-07-14 19:33:39,62.5333,155.8,55.02,81,100,3.49
366,Lloret De Mar,ES,2021-07-14 19:33:39,41.6999,2.8457,76.03,58,61,1.99
367,Kabalo,CD,2021-07-14 19:33:40,-6.05,26.9167,79.47,27,6,3.71
368,Touba,CI,2021-07-14 19:33:40,8.2833,-7.6833,71.06,95,99,3.58
369,Bayji,IQ,2021-07-14 19:33:40,34.9311,43.487,95.04,15,0,12.33
370,Chunhuhub,MX,2021-07-14 19:33:41,19.55,-88.6833,96.15,32,100,9.06
371,Makarov,RU,2021-07-14 19:33:41,48.6333,142.8,64.24,93,99,3.53
372,Avera,US,2021-07-14 19:33:41,33.194,-82.5271,91.69,47,81,5.46
373,Isla Vista,US,2021-07-14 19:33:42,34.4133,-119.861,86.25,45,40,8.05
374,Mizunami,JP,2021-07-14 19:33:42,35.3667,137.25,72.25,97,100,3.0
375,Brae,GB,2021-07-14 19:33:42,60.3964,-1.353,57.11,89,100,22.17
376,Mogocha,RU,2021-07-14 19:33:43,53.7333,119.7667,58.15,99,100,4.07
377,Cherdyn,RU,2021-07-14 19:33:43,60.403,56.4787,53.85,62,22,1.48
378,Yangjiang,CN,2021-07-14 19:33:44,21.85,111.9667,80.29,81,6,1.41
379,Ust-Tsilma,RU,2021-07-14 19:33:44,65.441,52.1498,58.44,87,96,2.64
380,Husavik,IS,2021-07-14 19:33:44,66.0449,-17.3389,53.51,94,100,10.67
381,Mattawa,US,2021-07-14 19:33:13,46.7379,-119.9028,97.36,9,0,5.82
382,Concepcion Del Oro,MX,2021-07-14 19:33:45,24.6333,-101.4167,71.49,36,100,15.48
383,Asau,RO,2021-07-14 19:33:45,46.4333,26.4,71.4,84,0,3.49
384,Nuuk,GL,2021-07-14 19:30:13,64.1835,-51.7216,45.21,93,75,18.41
385,Scarborough,GB,2021-07-14 19:30:00,54.2797,-0.4044,71.42,78,84,5.01
386,Carberry,CA,2021-07-14 19:33:46,49.8689,-99.3602,75.43,31,64,7.36
387,Lingao,CN,2021-07-14 19:33:46,19.9103,109.6859,79.18,85,6,7.36
388,Xinyang,CN,2021-07-14 19:33:47,32.1228,114.0656,80.28,88,99,4.88
389,Palmer,US,2021-07-14 19:33:47,42.1584,-72.3287,87.93,64,40,4.0
390,Manyana,BW,2021-07-14 19:33:48,-23.4,21.7167,37.87,25,0,6.89
391,Jacqueville,CI,2021-07-14 19:33:49,5.2052,-4.4146,78.71,79,100,15.28
392,Hovd,MN,2021-07-14 19:33:49,48.0056,91.6419,66.74,46,100,6.78
393,Kamenica,DE,2021-07-14 19:33:49,50.8333,12.9167,69.15,77,70,3.27
394,Sao Filipe,CV,2021-07-14 19:33:50,14.8961,-24.4956,75.24,86,61,10.98
395,Soderhamn,SE,2021-07-14 19:33:50,61.3037,17.0592,75.04,91,95,6.33
396,Kiunga,PG,2021-07-14 19:33:51,-6.1219,141.2906,74.64,99,100,2.1
397,Quelimane,MZ,2021-07-14 19:33:51,-17.8786,36.8883,71.64,79,55,6.89
398,Micomeseng,GQ,2021-07-14 19:33:51,2.1462,10.6164,68.22,100,71,2.24
399,Oktyabrskoye,RU,2021-07-14 19:33:52,43.0645,44.7417,60.94,94,23,6.71
400,Fairbanks,US,2021-07-14 19:30:05,64.8378,-147.7164,64.22,81,90,9.22
401,Ejura,GH,2021-07-14 19:33:52,7.3856,-1.3562,73.94,90,100,4.74
402,Pangnirtung,CA,2021-07-14 19:33:53,66.1451,-65.7125,51.6,62,67,8.21
403,Ilhabela,BR,2021-07-14 19:33:53,-23.7781,-45.3581,72.34,69,31,4.41
404,Kapustin Yar,RU,2021-07-14 19:33:53,48.5831,45.7372,76.46,54,48,6.76
405,Saint-Pierre,RE,2021-07-14 19:33:54,-21.3393,55.4781,71.28,74,90,4.61
406,Warri,NG,2021-07-14 19:33:54,5.5167,5.75,76.24,86,100,4.0
407,Zaysan,KZ,2021-07-14 19:33:54,47.4667,84.8667,67.78,38,53,8.81
408,Berlevag,NO,2021-07-14 19:33:55,70.8578,29.0864,50.0,81,75,10.36
409,Vallenar,CL,2021-07-14 19:33:55,-28.5708,-70.7581,67.17,37,0,4.65
410,Atbasar,KZ,2021-07-14 19:33:55,51.8,68.3333,48.94,83,90,7.9
411,Vila,PT,2021-07-14 19:33:56,42.0304,-8.1588,66.74,67,88,5.93
412,Rabo De Peixe,PT,2021-07-14 19:33:56,37.8,-25.5833,71.11,73,75,10.36
413,Yar-Sale,RU,2021-07-14 19:33:57,66.8333,70.8333,44.22,61,6,5.77
414,Naze,JP,2021-07-14 19:33:57,28.3667,129.4833,78.64,84,100,5.7
415,Deori,IN,2021-07-14 19:33:57,21.45,82.6167,80.91,78,100,7.99
416,Benghazi,LY,2021-07-14 19:33:58,32.1167,20.0667,81.12,68,0,13.11
417,Najran,SA,2021-07-14 19:33:59,17.4924,44.1277,93.85,18,100,1.39
418,Supe,PE,2021-07-14 19:33:59,-10.8,-77.7333,67.19,74,38,12.08
419,Xinmin,CN,2021-07-14 19:34:01,41.9908,122.8253,80.1,96,98,6.6
420,Tonstad,NO,2021-07-14 19:34:02,58.6626,6.7169,66.24,87,18,3.18
421,Lahaina,US,2021-07-14 19:34:02,20.8783,-156.6825,83.95,83,8,6.55
422,Biay,PH,2021-07-14 19:34:02,15.7402,119.9067,79.23,85,100,3.83
423,Ostrovnoy,RU,2021-07-14 19:34:03,68.0531,39.5131,51.17,94,100,19.42
424,Kawalu,ID,2021-07-14 19:34:04,-7.3817,108.2082,69.03,93,98,0.36
425,Dunedin,NZ,2021-07-14 19:34:04,-45.8742,170.5036,45.81,73,100,14.0
426,Dandong,CN,2021-07-14 19:34:05,40.1292,124.3947,75.04,95,100,11.45
427,Lexington,US,2021-07-14 19:30:17,37.9887,-84.4777,85.14,62,1,1.01
428,Caxito,AO,2021-07-14 19:34:06,-8.5785,13.6643,72.25,90,95,3.06
429,Hauterive,FR,2021-07-14 19:34:07,46.0901,3.4459,62.38,97,100,3.98
430,Hualmay,PE,2021-07-14 19:34:07,-11.0964,-77.6139,67.19,75,28,11.77
431,Petrolina,BR,2021-07-14 19:34:07,-9.3986,-40.5008,86.05,45,40,14.97
432,Victoria,HK,2021-07-14 19:30:05,22.2855,114.1577,87.33,82,20,1.99
433,Ndele,CF,2021-07-14 19:34:08,8.4109,20.6473,68.05,98,100,2.39
434,Shelburne,CA,2021-07-14 19:30:07,44.0787,-80.2041,83.68,54,2,8.41
435,Athabasca,CA,2021-07-14 19:32:30,54.7169,-113.2854,86.63,32,98,10.51
436,Broome,US,2021-07-14 19:34:09,42.2506,-75.833,80.01,77,90,10.36
437,Yerbogachen,RU,2021-07-14 19:34:09,61.2767,108.0108,59.67,68,100,10.71
438,Sakakah,SA,2021-07-14 19:34:09,29.9697,40.2064,96.37,18,6,12.55
439,Hokitika,NZ,2021-07-14 19:34:10,-42.7167,170.9667,54.19,90,100,15.84
440,Opalikha,RU,2021-07-14 19:34:10,55.8275,37.255,75.22,68,0,4.47
441,Kailua,US,2021-07-14 19:34:10,21.4022,-157.7394,80.58,81,90,8.05
442,Palma Di Montechiaro,IT,2021-07-14 19:34:11,37.1926,13.765,79.61,68,0,12.8
443,Chenghai,CN,2021-07-14 19:34:11,23.4632,116.768,82.31,100,40,2.24
444,Floro,NO,2021-07-14 19:34:12,61.5996,5.0328,72.23,82,90,5.75
445,Srivardhan,IN,2021-07-14 19:34:12,18.0333,73.0167,79.03,92,100,12.37
446,Garowe,SO,2021-07-14 19:34:12,8.4054,48.4845,80.11,55,100,26.22
447,Anshan,CN,2021-07-14 19:34:13,41.1236,122.99,75.22,92,100,8.57
448,Aleksandrovka,UA,2021-07-14 19:34:13,46.8383,32.7612,78.15,100,0,7.92
449,Turan,VN,2021-07-14 19:34:13,16.0678,108.2208,80.65,89,20,1.14
450,Honiara,SB,2021-07-14 19:29:31,-9.4333,159.95,76.51,85,87,8.57
451,Filingue,NE,2021-07-14 19:34:14,14.3521,3.3168,93.52,38,1,2.91
452,Westport,US,2021-07-14 19:34:14,41.1415,-73.3579,91.09,83,29,4.0
453,Fereydun Kenar,IR,2021-07-14 19:34:15,36.6864,52.5225,79.11,68,90,8.21
454,Innisfail,AU,2021-07-14 19:34:15,-17.5333,146.0333,67.8,95,62,3.76
455,Anadyr,RU,2021-07-14 19:34:15,64.75,177.4833,54.1,87,0,4.0
456,Vila Franca Do Campo,PT,2021-07-14 19:34:16,37.7167,-25.4333,72.01,72,10,6.11
457,Paranaiba,BR,2021-07-14 19:34:16,-19.6772,-51.1908,86.2,23,89,4.92
458,Katsuura,JP,2021-07-14 19:34:16,35.1333,140.3,76.19,89,94,4.59
459,Alta,NO,2021-07-14 19:34:17,69.9689,23.2717,58.24,72,0,11.5
460,Halifax,CA,2021-07-14 19:34:17,44.6453,-63.5724,73.42,68,100,8.01
461,Kuruman,ZA,2021-07-14 19:34:17,-27.4524,23.4325,34.0,31,0,10.04
462,Jinxiang,CN,2021-07-14 19:34:18,27.4327,120.6062,77.9,92,30,1.12
463,Dakoro,NE,2021-07-14 19:34:18,14.5106,6.765,95.05,33,78,3.67
464,Daudnagar,IN,2021-07-14 19:34:18,25.0333,84.4,82.58,68,49,9.46
465,Jumla,NP,2021-07-14 19:34:19,29.2747,82.1838,62.35,94,85,2.1
466,Elizabeth City,US,2021-07-14 19:34:19,36.2946,-76.2511,95.02,61,1,5.01
467,Ferrol,ES,2021-07-14 19:29:24,43.4832,-8.2369,68.25,83,67,14.12
468,Dobrinka,RU,2021-07-14 19:34:20,52.1653,40.4731,71.78,59,0,2.77
469,Faya,SA,2021-07-14 19:34:20,18.3851,42.4509,69.91,63,100,7.11
470,Mykolayiv,UA,2021-07-14 19:34:20,46.9659,31.9974,78.33,78,0,0.0
471,San Policarpo,PH,2021-07-14 19:34:21,12.1791,125.5072,77.9,88,90,2.91
472,Puro,PH,2021-07-14 19:34:21,12.4841,123.3827,79.41,81,89,1.74
473,Rabaul,PG,2021-07-14 19:34:21,-4.1967,152.1721,79.59,79,98,7.31
474,Alice Springs,AU,2021-07-14 19:31:06,-23.7,133.8833,53.15,87,40,3.44
475,Rockhampton,AU,2021-07-14 19:31:23,-23.3833,150.5,62.49,94,90,1.14
476,Road Town,VG,2021-07-14 19:34:22,18.4167,-64.6167,86.04,62,40,9.22
477,Kloulklubed,PW,2021-07-14 19:34:22,7.0419,134.2556,75.7,77,100,7.25
478,Taunggyi,MM,2021-07-14 19:34:23,20.7833,97.0333,64.2,91,74,1.34
479,Onega,RU,2021-07-14 19:34:23,63.9061,38.1404,66.94,59,76,3.96
480,Luvianos,MX,2021-07-14 19:34:23,18.9167,-100.4,78.62,50,82,3.91
481,Los Llanos De Aridane,ES,2021-07-14 19:34:24,28.6585,-17.9182,69.55,78,20,17.27
482,Letterkenny,IE,2021-07-14 19:34:24,54.95,-7.7333,64.29,86,99,9.75
483,Quang Ngai,VN,2021-07-14 19:34:24,15.1167,108.8,75.72,90,24,4.7
484,Hofn,IS,2021-07-14 19:34:25,64.2539,-15.2082,51.82,82,40,18.41
485,George Town,MY,2021-07-14 19:30:48,5.4112,100.3354,80.89,68,20,0.0
486,Mulanje,MW,2021-07-14 19:34:25,-16.0316,35.5,62.87,93,4,9.66
487,Poum,NC,2021-07-14 19:34:26,-20.2333,164.0167,69.78,70,77,17.22
488,Gewane,ET,2021-07-14 19:34:26,10.1664,40.6453,88.25,39,100,10.13
489,Labuhan,ID,2021-07-14 19:34:27,-6.8844,112.2051,75.34,79,100,9.08
490,The Valley,AI,2021-07-14 19:34:27,18.217,-63.0578,87.66,66,40,16.11
491,Raga,SS,2021-07-14 19:34:27,8.4596,25.678,70.63,97,95,3.6
492,Chimbarongo,CL,2021-07-14 19:34:28,-34.7,-71.05,50.38,47,0,6.91
493,Payo,ID,2021-07-14 19:34:28,-3.7508,103.6372,70.39,90,98,0.65
494,Elk River,US,2021-07-14 19:34:28,45.3038,-93.5672,73.87,92,100,1.01
495,Alyangula,AU,2021-07-14 19:34:29,-13.8483,136.4192,64.27,100,13,3.44
496,Tecoanapa,MX,2021-07-14 19:34:29,16.5167,-98.75,86.79,67,27,10.98
497,Porangatu,BR,2021-07-14 19:34:30,-13.4408,-49.1486,89.47,20,0,2.51
498,Lima,PE,2021-07-14 19:29:52,-12.0432,-77.0282,67.89,73,90,8.05
499,Mahanoro,MG,2021-07-14 19:34:30,-19.9,48.8,65.25,91,15,3.33
500,Vao,NC,2021-07-14 19:34:30,-22.6667,167.4833,68.76,62,89,19.37
501,Pinerovka,RU,2021-07-14 19:34:31,51.562,43.0689,68.54,90,63,6.42
502,Collierville,US,2021-07-14 19:34:10,35.042,-89.6645,92.71,59,75,10.36
503,Preobrazheniye,RU,2021-07-14 19:34:31,42.9019,133.9064,63.93,94,2,4.63
504,Mayo,US,2021-07-14 19:33:40,38.8876,-76.5119,94.08,69,99,8.99
505,Kushima,JP,2021-07-14 19:34:32,31.4583,131.2333,75.29,93,9,3.15
506,Tottori,JP,2021-07-14 19:34:32,35.5,134.2333,73.54,86,100,5.44
507,Cambrils,ES,2021-07-14 19:34:33,41.0748,1.0524,75.27,61,20,3.0
508,Saint Anthony,US,2021-07-14 19:34:33,45.0205,-93.218,71.91,93,90,3.0
509,Avallon,FR,2021-07-14 19:34:33,47.4833,3.9,59.76,94,100,5.44
510,Dong Hoi,VN,2021-07-14 19:34:34,17.4833,106.6,80.08,87,39,3.27
511,Harrismith,ZA,2021-07-14 19:34:34,-28.2728,29.1295,33.13,52,0,2.26
512,Nizhniy Baskunchak,RU,2021-07-14 19:34:34,48.2198,46.8311,77.45,50,9,9.44
513,Seidu,SL,2021-07-14 19:34:35,9.0167,-10.6,70.0,97,93,2.82
514,Nalchiti,BD,2021-07-14 19:34:35,22.6333,90.2833,81.14,88,81,4.88
515,Pereslavl-Zalesskiy,RU,2021-07-14 19:34:35,56.7393,38.8563,65.98,92,100,1.97
516,Kastamonu,TR,2021-07-14 19:34:36,41.5,33.6667,58.24,77,0,3.91
517,Voi,KE,2021-07-14 19:34:36,-3.3945,38.563,68.05,74,13,8.08
518,Kudahuvadhoo,MV,2021-07-14 19:34:36,2.6708,72.8944,81.05,78,68,6.35
519,Birao,CF,2021-07-14 19:34:37,10.2849,22.7882,71.62,91,94,4.76
520,Saint-Georges,GD,2021-07-14 19:34:37,12.0564,-61.7485,80.28,89,40,16.11
521,Lieksa,FI,2021-07-14 19:34:38,63.3167,30.0167,69.8,58,72,3.42
522,Nishihara,JP,2021-07-14 19:34:38,26.1842,127.7558,82.45,86,20,5.75
523,Borogontsy,RU,2021-07-14 19:34:38,62.6683,131.1683,63.3,68,82,3.51
524,Namibe,AO,2021-07-14 19:34:39,-15.1961,12.1522,65.46,85,98,4.5
525,Zhigansk,RU,2021-07-14 19:34:39,66.7697,123.3711,46.11,62,0,9.06
526,Samarai,PG,2021-07-14 19:34:39,-10.6167,150.6667,78.78,89,48,12.24
527,Itarema,BR,2021-07-14 19:32:33,-2.9248,-39.9167,81.12,73,89,16.35
528,Ede,NL,2021-07-14 19:34:40,52.0333,5.6583,69.85,91,75,8.99
529,Lewistown,US,2021-07-14 19:34:40,40.5992,-77.5714,86.34,69,92,4.12
530,La Asuncion,VE,2021-07-14 19:34:41,11.0333,-63.8628,94.73,49,100,18.41
531,Pangkalanbuun,ID,2021-07-14 19:34:41,-2.6833,111.6167,69.08,99,100,1.7
532,Pacific Grove,US,2021-07-14 19:34:01,36.6177,-121.9166,75.16,88,90,1.99
533,Zharkent,KZ,2021-07-14 19:34:42,44.1628,80.0,69.89,58,100,7.25
534,Da Nang,VN,2021-07-14 19:33:54,16.0678,108.2208,80.65,89,20,1.14
535,Inta,RU,2021-07-14 19:34:42,66.0317,60.1659,57.52,50,100,3.51
536,Bonito,BR,2021-07-14 19:30:32,-21.1211,-56.4819,88.32,24,52,7.34
537,Khor,RU,2021-07-14 19:34:43,47.8861,134.9464,69.73,93,59,5.68
538,Nisia Floresta,BR,2021-07-14 19:34:43,-6.0911,-35.2086,82.78,74,50,12.37
539,Lincoln,US,2021-07-14 19:32:29,40.8,-96.667,88.81,58,1,10.36
540,Palana,RU,2021-07-14 19:34:44,59.1167,159.9667,46.74,99,100,8.84
541,Nouakchott,MR,2021-07-14 19:30:12,18.0858,-15.9785,76.93,81,1,15.01
542,Chico,US,2021-07-14 19:31:01,39.7285,-121.8375,97.65,36,1,5.75
543,Alim,PH,2021-07-14 19:34:44,9.5649,122.4876,79.45,82,90,2.06
544,Nalut,LY,2021-07-14 19:34:45,30.3333,10.85,94.37,19,1,12.39
545,Ponta Delgada,PT,2021-07-14 19:34:45,37.7333,-25.6667,72.32,73,75,10.36
546,Nordby,DK,2021-07-14 19:34:45,55.446,8.3979,75.94,77,16,1.99
547,Freeport,US,2021-07-14 19:32:32,40.6576,-73.5832,93.49,74,1,5.99
548,Chachapoyas,PE,2021-07-14 19:34:46,-6.2317,-77.869,64.83,66,59,2.91
549,Lulea,SE,2021-07-14 19:34:46,65.5842,22.1547,68.07,68,100,2.3
550,Kupang,ID,2021-07-14 19:34:47,-10.1667,123.5833,73.99,81,30,8.23
551,Chara,RU,2021-07-14 19:34:47,56.9064,118.2631,63.37,65,100,1.32
552,Kinsale,IE,2021-07-14 19:34:47,51.7075,-8.5306,70.97,73,40,9.22
553,Kitimat,CA,2021-07-14 19:30:07,54.0524,-128.6534,68.92,62,100,5.01
554,Nova Venecia,BR,2021-07-14 19:34:48,-18.7106,-40.4006,77.25,59,93,4.68
555,Ochamchira,GE,2021-07-14 19:34:48,42.7121,41.4721,72.18,85,49,4.68
556,Tela,HN,2021-07-14 19:34:49,15.7833,-87.45,89.82,79,75,9.22
557,Dalbandin,PK,2021-07-14 19:34:49,28.8947,64.4101,88.29,41,84,7.87
558,Marzuq,YE,2021-07-14 19:34:49,14.4,46.4667,74.23,60,100,9.01
559,Taltal,CL,2021-07-14 19:34:50,-25.4,-70.4833,61.36,69,0,5.88
560,Zasosna,RU,2021-07-14 19:34:50,50.6307,38.3965,71.96,55,0,3.71
561,Coihaique,CL,2021-07-14 19:34:51,-45.5752,-72.0662,46.35,49,40,4.61
562,Aden,YE,2021-07-14 19:30:36,12.7794,45.0367,87.3,69,100,7.23
563,Tobol,KZ,2021-07-14 19:34:51,52.6844,62.5794,52.68,62,20,6.96
564,Leeuwarden,NL,2021-07-14 19:34:51,53.2014,5.8086,71.01,81,40,17.27
565,New Baltimore,US,2021-07-14 19:34:52,42.6811,-82.7369,88.09,58,75,11.5
566,Prince Rupert,CA,2021-07-14 19:34:52,54.3161,-130.3201,60.58,66,100,6.51
567,Dakar,SN,2021-07-14 19:34:52,14.6937,-17.4441,82.53,74,40,9.22
568,Mogadishu,SO,2021-07-14 19:34:53,2.0371,45.3438,76.68,84,99,21.85
569,Orapa,BW,2021-07-14 19:34:53,-21.2833,25.3667,52.65,58,5,9.93
570,Bang Saphan,TH,2021-07-14 19:34:54,11.2126,99.5117,77.25,88,100,6.53
571,Fort Nelson,CA,2021-07-14 19:31:44,58.8053,-122.7002,80.26,40,23,6.26
572,Hurricane,US,2021-07-14 19:34:54,37.1753,-113.2899,96.71,30,0,9.53
573,San Carlos De Bariloche,AR,2021-07-14 19:34:55,-41.1456,-71.3082,46.15,66,40,32.21
574,Storforshei,NO,2021-07-14 19:34:55,66.4043,14.5233,67.78,64,0,3.44
575,Koshki,RU,2021-07-14 19:34:55,54.2091,50.4677,62.71,50,1,4.79
576,Okhotsk,RU,2021-07-14 19:34:56,59.3833,143.3,62.65,61,0,10.69
577,Krasnovka,RU,2021-07-14 19:34:56,48.8177,40.0923,74.05,43,0,6.64
578,Goderich,CA,2021-07-14 19:34:56,43.7501,-81.7165,81.91,80,1,8.75
579,Haapiti,PF,2021-07-14 19:34:57,-17.5667,-149.8667,82.13,66,1,18.86
580,Meulaboh,ID,2021-07-14 19:34:57,4.1363,96.1285,75.99,86,93,2.68
581,Cloquet,US,2021-07-14 19:34:57,46.7216,-92.4594,71.13,76,1,9.22
582,Vostok,RU,2021-07-14 19:34:58,46.4856,135.8833,66.76,97,100,2.46
583,Visby,SE,2021-07-14 19:34:58,57.6409,18.296,77.05,69,13,3.44
584,Sao Joao Da Barra,BR,2021-07-14 19:34:59,-21.6403,-41.0511,77.09,83,55,13.13
585,Dicabisagan,PH,2021-07-14 19:34:59,17.0818,122.4157,78.49,88,56,3.69
586,Rosarito,MX,2021-07-14 19:34:59,32.3333,-117.0333,92.93,68,16,8.12
587,Kungurtug,RU,2021-07-14 19:35:00,50.5994,97.5228,52.63,80,1,2.13
588,Dudinka,RU,2021-07-14 19:35:00,69.4058,86.1778,43.36,73,100,4.74
589,Amurrio,ES,2021-07-14 19:35:00,43.05,-3.0,62.35,94,53,2.93
590,Svetlyy,RU,2021-07-14 19:35:01,54.675,20.1347,75.25,85,0,6.04
591,Eyl,SO,2021-07-14 19:35:01,7.9803,49.8164,81.14,68,68,25.46
592,Codrington,AU,2021-07-14 19:35:11,-38.2667,141.9667,54.86,77,81,15.88
